{
  "accuracy": 0.8666666666666667,
  "cv_scores": [
    0.87,
    0.832,
    0.854
  ],
  "classes": [
    "Kurang Sesuai",
    "Sangat Sesuai",
    "Sesuai",
    "Tidak Sesuai"
  ],
  "confusion_matrix": [
    [
      66,
      0,
      2,
      10
    ],
    [
      0,
      63,
      6,
      0
    ],
    [
      11,
      11,
      16,
      0
    ],
    [
      0,
      0,
      0,
      115
    ]
  ],
  "classification_report": {
    "Kurang Sesuai": {
      "precision": 0.8571428571428571,
      "recall": 0.8461538461538461,
      "f1-score": 0.8516129032258064,
      "support": 78.0
    },
    "Sangat Sesuai": {
      "precision": 0.8513513513513513,
      "recall": 0.9130434782608695,
      "f1-score": 0.8811188811188811,
      "support": 69.0
    },
    "Sesuai": {
      "precision": 0.6666666666666666,
      "recall": 0.42105263157894735,
      "f1-score": 0.5161290322580645,
      "support": 38.0
    },
    "Tidak Sesuai": {
      "precision": 0.92,
      "recall": 1.0,
      "f1-score": 0.9583333333333334,
      "support": 115.0
    },
    "accuracy": 0.8666666666666667,
    "macro avg": {
      "precision": 0.8237902187902187,
      "recall": 0.7950624889984157,
      "f1-score": 0.8017985374840214,
      "support": 300.0
    },
    "weighted avg": {
      "precision": 0.8557790647790648,
      "recall": 0.8666666666666667,
      "f1-score": 0.8568141526931848,
      "support": 300.0
    }
  },
  "class_distribution": {
    "Tidak Sesuai": 574,
    "Kurang Sesuai": 389,
    "Sangat Sesuai": 346,
    "Sesuai": 191
  }
}